epoch,accuracy,loss,val_accuracy,val_loss
0,0.37984374165534973,1.724989891052246,0.6237499713897705,1.2204525470733643
1,0.5982812643051147,1.166447401046753,0.699999988079071,0.9123920202255249
2,0.6889062523841858,0.8861707448959351,0.7587500214576721,0.7258038520812988
3,0.734375,0.740638792514801,0.7987499833106995,0.6479638814926147
