epoch,accuracy,loss,val_accuracy,val_loss
0,0.3682812452316284,1.7198724746704102,0.5799999833106995,1.1984148025512695
1,0.5970312356948853,1.108454942703247,0.6850000023841858,0.8499469757080078
2,0.6717187762260437,0.8784860968589783,0.7487499713897705,0.7034354209899902
3,0.7223437428474426,0.7575852274894714,0.7437499761581421,0.6585028171539307
