epoch,accuracy,loss
0,0.11249999701976776,2.5098490715026855
1,0.3375000059604645,2.005384922027588
2,0.3062500059604645,1.9715251922607422
3,0.3687500059604645,1.8378257751464844
4,0.3687500059604645,1.6933276653289795
5,0.4749999940395355,1.5830962657928467
6,0.5249999761581421,1.4112321138381958
7,0.5874999761581421,1.2415852546691895
8,0.6000000238418579,1.1688549518585205
9,0.6625000238418579,0.996216893196106
