{"accuracy": 0.8075, "f1:": 0.8123181326486945, "recall:": 0.8123181326486945, "precision:": 0.8054869193489904}