{"train_accuracy": 0.9165624976158142, "val_accuracy": 0.8487499952316284, "test_accuracy": 0.86, "train_loss": 0.2560860514640808, "val_loss": 0.5809016227722168, "train_f1": 1.3003937005996704, "val_f1": 1.3037089109420776, "test_f1:": 0.861695733035548, "train_precision": 0.9260227084159851, "val_precision": 0.9476485252380371, "test_precision:": 0.8601105911218104, "train_recall": 2.1991515159606934, "val_recall": 2.10178804397583, "test_recall:": 0.861695733035548}