{"train_loss": 1.6056396961212158, "train_accuracy": 0.4192187488079071, "train_f1": 1.856553554534912, "train_precision": 1.8118287324905396, "train_recall": 2.7432286739349365, "val_loss": 1.061879277229309, "val_accuracy": 0.6299999952316284, "val_f1": 1.6011117696762085, "val_precision": 1.0987777709960938, "val_recall": 2.96315336227417, "test_accuracy": 0.82625, "test_f1:": 0.8292112729678661, "test_precision:": 0.8268605340768714, "test_recall:": 0.8292112729678661}