{"train_accuracy": 0.8842187523841858, "val_accuracy": 0.8399999737739563, "test_accuracy": 0.82125, "train_loss": 0.33476880192756653, "val_loss": 0.4966338872909546, "train_f1": 1.4936145544052124, "val_f1": 1.4699848890304565, "test_f1:": 0.8331758269205031, "train_precision": 0.9443590044975281, "val_precision": 0.9401349425315857, "test_precision:": 0.8234868926130425, "train_recall": 3.5804800987243652, "val_recall": 3.3823373317718506, "test_recall:": 0.8331758269205031}