{"train_loss": 0.4189319610595703, "train_accuracy": 0.8529687523841858, "train_f1": 1.4434956312179565, "train_precision": 0.953768253326416, "train_recall": 2.974149227142334, "val_loss": 0.5215858817100525, "val_accuracy": 0.8112499713897705, "val_f1": 1.4148335456848145, "val_precision": 0.9541466236114502, "val_recall": 2.742525339126587, "test_accuracy": 0.8225, "test_f1:": 0.8347074287728167, "test_precision:": 0.8254167663253553, "test_recall:": 0.8347074287728167}