{"train_accuracy": 0.9903125166893005, "val_accuracy": 0.8387500047683716, "test_accuracy": 0.83375, "train_loss": 0.033709004521369934, "val_loss": 0.7346066832542419, "train_f1": 1.4193404912948608, "val_f1": 1.4492470026016235, "test_f1:": 0.841382513578554, "train_precision": 0.9179588556289673, "val_precision": 0.9439808130264282, "test_precision:": 0.8327793426794413, "train_recall": 3.144773483276367, "val_recall": 3.140134334564209, "test_recall:": 0.841382513578554}